<?xml version="1.0" encoding="UTF-8"?>
<LightningComponentBundle xmlns="http://soap.sforce.com/2006/04/metadata">
    <apiVersion>48.0</apiVersion>
    <isExposed>true</isExposed>
    <targets>
        <target>lightning__AppPage</target>
        <target>lightning__RecordPage</target>
        <target>lightning__Tab</target>
        <target>lightning__HomePage</target>
    </targets>
    <targetConfigs>
        <targetConfig targets="lightning__AppPage">
            <supportedFormFactors>
                <supportedFormFactor type="Large" />
                <supportedFormFactor type="Small" />
            </supportedFormFactors>
        </targetConfig>
        <targetConfig targets="lightning__RecordPage">
            <objects>
                <object>Promotion_Activity__c</object>
                <object>Promotion__c</object>
                <object>Promotion_Material_Item__c</object>
                <object>Promotion_Material_A_P__c</object>
            </objects>
            <supportedFormFactors>
                <supportedFormFactor type="Large" />
            </supportedFormFactors>
        </targetConfig>        
    </targetConfigs>
</LightningComponentBundle>